1;Une brève histoire du temps;Littérature
2;Navigation d'Ulysse;Littérature
3;Feu Mathias Pascal;Littérature
4;Fumée rouge;Littérature
6;Voyage au bout de la nuit;Littérature
7;Le guide Marabout du Judo;Ouvrage de référence
8;Métapsychologie;Littérature
9;Se;Ouvrage de référence
10;Tolérance zéro;Littérature
11;Le meilleur des mondes;Littérature
12;Bel-Ami;Littérature
13;Les oreilles rouges;Littérature
14;La chute;Littérature
15;Français-Allemand;Ouvrage de référence
16;Alex;Littérature
17;The joy luck club;Littérature
18;Le cœur conscient;Littérature
19;La part du vent;Littérature
20;Jonathan Livingston Seagull;Littérature
21;Educating Rita;Littérature
22;Lies of silence;Littérature
23;Nuits d'enfer;Littérature
24;Enemies;Littérature
25;Maria, fille de Flandre;Littérature
26;Aphrodite;Littérature
27;Le pot au noir;Littérature
28;Le grand Meaulnes;Littérature
29;Corps et âmes;Littérature
30;La Bible;Littérature
31;La crevasse des maquisards;Littérature
32;Tristan et Iseult;Littérature
33;Le gambit des étoiles;Littérature
34;Stamps & stories;Ouvrage de référence
35;Skinwalkers;Littérature
36;The Christmas books;Littérature
37;A Christmas Carol;Littérature
38;La dixième prophétie;Littérature
39;L'homme qui rétrécit;Littérature
40;Histoires extraordinaires;Littérature
41;Nouvelles histoires extraordinaires;Littérature
42;La pureté dangereuse;Littérature
43;Zazie dans le métro;Littérature
44;La visite de la vieille dame;Littérature
45;Le Colonel Chabert;Littérature
46;Phèdre;Littérature
47;En attendant Godot;Littérature
48;Poena Damni;Littérature
49;Le prophète;Littérature
50;Croix du sud;Littérature
51;Les travaux d'Hercule;Littérature
52;Histoires grotesques et sérieuses;Littérature
53;La main froide;Littérature
54;training cerveau;Ouvrage de référence
55;La condition humaine;Littérature
56;Misery;Littérature
57;Shining;Littérature
58;Le parfum;Littérature
59;Phèdre;Littérature
60;Les fleurs du mal;Littérature
61;L'écume des jours;Littérature
62;Of mice and men;Littérature
63;Rhinocéros;Littérature
64;Mémoires d'Hadrien;Littérature
65;Les Confessions;Littérature
66;Boule de Suif;Littérature
67;Plain Tales from the Hills;Littérature
68;Le livre d'or de la poésie française;Littérature
69;Tristan et Iseult;Littérature
70;Oliver Twist;Littérature
71;Le théorème du perroquet;Littérature
72;Français-Anglais;Ouvrage de référence
73;Pocket Guide to PASCAL;Ouvrage de référence
74;Chroniques martiennes;Littérature
75;L'amour fou;Littérature
76;Trois hommes à abattre;Littérature
77;Justine ou Les malheurs de la vertu;Littérature
78;Poésies;Littérature
79;Objectif: Apocalypse;Littérature
80;Les liaisons dangereuses;Littérature
81;Pensées;Littérature
82;Fahrenheit 451;Littérature
83;Les petits enfants du siècle;Littérature
84;Le diable et le bon dieu;Littérature
85;Eugénie Grandet;Littérature
86;Bel-Ami;Littérature
87;La bête humaine;Littérature
88;Diderot & D'Alembert;Ouvrage de référence
89;Le dictionnaire des synonymes et des contraires;Ouvrage de référence
90;Atlas compact universel;Ouvrage de référence
91;Atlas encyclopédique mondial;Littérature
92;Le petit Larousse illustré 2012;Ouvrage de référence
93;Le Robert méthodique;Ouvrage de référence
94;Le petit Robert micro;Ouvrage de référence
95;Arbres et arbustes;Ouvrage de référence
96;Oxymore mon amour!;Ouvrage de référence
97;Les 50 plus grandes théories en psychologie;Ouvrage de référence
98;Les 50 plus grandes théories économiques;Ouvrage de référence
99;Les 50 plus grands aspects de l'anatomie du corps humain;Ouvrage de référence
100;Les 50 plus grandes téories scientifiques;Ouvrage de référence
101;Les 50 légendes les plus célébres de la mythologie;Ouvrage de référence
102;Les grandes théories de Hawking;Ouvrage de référence
103;Les grandes théories d'Einstein;Ouvrage de référence
104;Les 50 plus grandes théories mathématiques;Ouvrage de référence
105;Les 50 plus grandes théories philosophiques;Ouvrage de référence
106;Bricoler facile;Ouvrage de référence
107;Vous n'en croirez pas vos yeux;Ouvrage de référence
108;A hurler de rire;Littérature
109;Cours de conduite sportive de la moto;Ouvrage de référence
110;L'Officiel du Scrabble;Ouvrage de référence
111;Elementary Linear Algebra;Ouvrage de référence
112;Mécanique quantique;Ouvrage de référence
113;Mécanique quantique;Ouvrage de référence
114;Programmation en Assembleur;Ouvrage de référence
115;Mathématiques pour informaticiens;Ouvrage de référence
116;Mécanique générale;Ouvrage de référence
117;Introduction à l'analyse numérique;Ouvrage de référence
118;L'empire du temps;Littérature
119;Cours d'algèbre;Ouvrage de référence
120;Cours d'Analyse;Ouvrage de référence
121;Cours d'Analyse;Ouvrage de référence
122;Cours d'Analyse;Ouvrage de référence
123;Cristallographie;Ouvrage de référence
124;Physique statistique;Ouvrage de référence
125;Physique des solides;Ouvrage de référence
126;Heat and Mass Transfer;Ouvrage de référence
127;J'ai recommencé à fumer;Ouvrage de référence
128;La théorie de la relativité restreinte et générale;Littérature
129;Bien commencer ses études scientifiques;Ouvrage de référence
130;Géographie 5e;Ouvrage de référence
131;Le langage C;Ouvrage de référence
132;Introduction à la chimie pour ingénieurs;Ouvrage de référence
133;Science & Vie oct 97;Ouvrage de référence
134;Science & Vie jan 2003;Ouvrage de référence
135;Analyse numérique;Ouvrage de référence
136;Variables complexes;Ouvrage de référence
137;Compléments d'analyse;Ouvrage de référence
138;Dislocations et plasticité des cristaux;Ouvrage de référence
139;Analyse;Ouvrage de référence
140;Géométrie vectorielle et analytique plane;Ouvrage de référence
141;Cours de Géométrie;Ouvrage de référence
142;Programmer en PASCAL;Ouvrage de référence
143;Code des obligations;Ouvrage de référence
144;Code civil suisse;Ouvrage de référence
145;Les enfants du soleil;Littérature
146;Manuel de droit;Ouvrage de référence
147;Annales CESSOUEST 89-91;Ouvrage de référence
148;Recueil de problèmes de physique de niveau bac ou maturité;Ouvrage de référence
149;La chirurgie valvulaire;Ouvrage de référence
150;Les mathématiques;Ouvrage de référence
151;Nouveau cours de chimie;Ouvrage de référence
152;Personnalisez vos montages Arduino;Ouvrage de référence
153;Arduino Maîtrisez sa programmation et ses cartes d'interface;Ouvrage de référence
155;Arduino Les bases de la programmation;Ouvrage de référence
156;Guide d'installation Red Hat Enterprise Linux;Ouvrage de référence
157;HP 48 Manuel d'utilisation;Ouvrage de référence
158;Mathematica 3 par la pratique;Ouvrage de référence
159;150 proverbes et expressions expliqués;Ouvrage de référence
160;Neuf recettes rapides de riz;Ouvrage de référence
161;La cuisine des gens pressés;Ouvrage de référence
162;La cuisine des maris;Ouvrage de référence
163;La cuisine des gourmandes;Ouvrage de référence
164;La cuisine des enfants;Ouvrage de référence
165;La cuisine des amants;Ouvrage de référence
166;Montclar;Littérature
167;Les esprits de la Terre;Littérature
168;Créer des applications avec Qt 5;Ouvrage de référence
169;Rédiger des documents de qualité avec LATEX;Ouvrage de référence
170;Petite encyclopédie pour jouer avec les mots;Ouvrage de référence
171;Sous haute protection;Littérature
173;La part de l'aube;Littérature
174;Narcisse;Littérature
175;La famille du Vourdalak;Littérature
176;Intruder in the dust;Littérature
177;C'est arrivé un jour;Littérature
178;C'est arrivé un jour;Littérature
179;Mangez malin;Ouvrage de référence
180;Zumstein Catalogue suisse;Ouvrage de référence
181;La nuit d'Ostende;Littérature
182;Pressentiments;Littérature
183;Disparue dans la nuit;Littérature
184;André Rey, psychologue scientifique;Littérature
185;Histoires du Livre de Mormon;Ouvrage de référence
186;Ancien Testament Guide d'étude du membre de la classe;Ouvrage de référence
187;Enseignements des présidents de l'Eglise;Ouvrage de référence
188;Keskidi;Littérature
189;Les sabots de Frise-Moustache;Littérature
190;Anglais-Français Harrap's compact;Ouvrage de référence
191;Linux Toutes Distributions;Ouvrage de référence
192;Le langage C;Ouvrage de référence
193;La Bible Linux;Ouvrage de référence
194;Comme un chant d'espérance;Littérature
195;Video deluxe plus;Ouvrage de référence
196;PartitionMagic;Ouvrage de référence
197;PASCAL mode d'emploi;Ouvrage de référence
198;Physique 4 optique ondes;Ouvrage de référence
199;English for Information Technology;Ouvrage de référence
200;formules;Ouvrage de référence
201;Algèbre;Ouvrage de référence
202;Serveurs;Ouvrage de référence
203;Gnu/ Linux pratique Inkscape;Ouvrage de référence
205;GNU/ Linux Python avancé;Ouvrage de référence
206;Programmez! Développez sur Linux;Ouvrage de référence
207;Programmez! La boîte à outil du développeur;Ouvrage de référence
208;Programmez! Choisir son langage de programmation;Ouvrage de référence
209;GNU/ Linux Je programme!;Ouvrage de référence
210;Excel 2010 Notions de base;Ouvrage de référence
211;Word 2010 Notions de base;Ouvrage de référence
212;Le MEM;Ouvrage de référence
213;Enseignement de culture générale 2éme année;Ouvrage de référence
214;SuSE Linux 6.1;Ouvrage de référence
215;SuSE Linux professional 9.1 User Guide;Ouvrage de référence
216;SuSE Linux professional 9.1 Installation Guide;Ouvrage de référence
217;Enseignement des présidents de l'Eglise;Littérature
218;A structured english grammar course;Ouvrage de référence
219;Word Perfect vocabulary for fluency;Ouvrage de référence
220;Wordbuilder;Ouvrage de référence
221;L'enseignement pas de plus grand appel;Ouvrage de référence
222;O.K. Corral;Littérature
223;Sugar décembre 02;Ouvrage de référence
224;Kingpin oct/nov 2003;Ouvrage de référence
225;Thrasher June 2004;Ouvrage de référence
226;Uno Skateboard julio 2002;Ouvrage de référence
227;Europe on a shoestring;Ouvrage de référence
228;Transworld Skateboarding december 2001;Ouvrage de référence
229;Kingpin dec/jan 2003;Ouvrage de référence
230;Transworld Skateboarding november 2001;Ouvrage de référence
231;Transworld Skateboarding march 2004;Ouvrage de référence
232;3Sesenta Especial 15 años solo surf;Ouvrage de référence
233;San Fransisco circus;Littérature
234;Voyage au centre de la Terre;Littérature
235;Model Kits 91;Littérature
236;Des barbelés sur la prairie;Littérature
237;4Riders winter 04;Ouvrage de référence
238;Onboard mars 2004;Ouvrage de référence
239;Burton catalog 2006;Ouvrage de référence
240;Thrasher april 2005;Ouvrage de référence
241;Connaissance du monde contemporain BEP2;Ouvrage de référence
242;Formulaires et Tables;Ouvrage de référence
243;BASS Spécial 5 Cordes;Ouvrage de référence
244;Hackers magazine;Ouvrage de référence
245;LOGIN SuSE Linux 9.2;Ouvrage de référence
246;PC UPDATE SOS dépannage jan/fév 2013;Ouvrage de référence
247;WINDOWS news Windows sans stress nov/déc 2003;Ouvrage de référence
248;Linux Magazine France nov 2001;Ouvrage de référence
249;GNU/Linux Pratique jan/fév 2006;Ouvrage de référence
250;Planète Linux openSUSE 11.0 juil/aou 08;Ouvrage de référence
251;Linux Loader dossier spécial oct/nov 2001;Ouvrage de référence
252;Linux+ nov/déc 2000;Ouvrage de référence
253;PC Utilities nov/déc 2003;Ouvrage de référence
254;Best of Web sept/oct 2000;Ouvrage de référence
255;PC MAX avril 2000;Ouvrage de référence
256;Internet Pratique hiver 2003;Ouvrage de référence
257;XP Solutions aou/sep 2004;Ouvrage de référence
258;Pêche Mouche sept/oct 2004;Ouvrage de référence
259;Mel Bay's complete book of bass technique;Ouvrage de référence
260;BASS  Spécial Bass Métal;Ouvrage de référence
261;Brochure d'accueil sept 2001;Ouvrage de référence
262;BASS Spécial Cordes;Ouvrage de référence
263;Guitar & Bass mars 95;Ouvrage de référence
264;Méthode de basse pour débutant;Ouvrage de référence
265;Pizzicato Funk for electric and acoustic bass;Ouvrage de référence
266;Rock&Folk mai 1996;Ouvrage de référence
267;SELECT stuff about music aug 1991;Ouvrage de référence
268;Rock, Slap & Funk Bass;Ouvrage de référence
269;BASS player aug 1995;Ouvrage de référence
270;BEST of CURE Hors Série;Ouvrage de référence
271;BASS  magazine juil/aou 1997;Ouvrage de référence
272;Guitar & Bass juin 95;Ouvrage de référence
273;BASS Spécial Groove;Ouvrage de référence
274;Computer music oct 2000;Ouvrage de référence
275;Ragga janvier 2003;Ouvrage de référence
276;RAGGA février 2003;Ouvrage de référence
277;RAGGA septembre 2001;Ouvrage de référence
278;RAGGA novembre 2000;Ouvrage de référence
279;RAGGA octobre 2000;Ouvrage de référence
280;RAGGA;Ouvrage de référence
281;RAGGA hors série Groove;Ouvrage de référence
282;RAGGA novembre 2001;Ouvrage de référence
283;RAGGA décembre 2002;Ouvrage de référence
284;Iconographie;Ouvrage de référence
285;Biophysique;Ouvrage de référence
286;Cours de Physique générale Electrodynamique;Ouvrage de référence
287;Cours de Physique générale Electrodynamique (suite);Ouvrage de référence
288;Métrologie;Ouvrage de référence
289;Introduction à l'électronique pour ingénieurs physiciens;Ouvrage de référence
290;Analyse numérique Notes de cours;Ouvrage de référence
291;Abacule;Ouvrage de référence
292;Abacule;Ouvrage de référence
293;Abacule;Ouvrage de référence
294;Abacule;Ouvrage de référence
295;PlayStation Magazine juin 2000;Ouvrage de référence
296;Polyrama 2004;Ouvrage de référence
297;Science & Vie Junior Le monde étrange des particules;Ouvrage de référence
298;COMSOL news 2004;Ouvrage de référence
299;Femlab 3 Multiphysics Modeling;Ouvrage de référence
300;Generation 4 novembre 98;Ouvrage de référence
301;Introduction à l a Physique Nucléaire et Corpusculaire;Ouvrage de référence
302;Résumé du cours de Droit;Ouvrage de référence
303;Formage des métaux;Ouvrage de référence
304;Pour la Science juillet 1998;Ouvrage de référence
305;Pour la Science mai 1996;Ouvrage de référence
306;La Recherche spécial juil/aou 1995;Ouvrage de référence
307;Time december 1999;Ouvrage de référence
308;La Recherche décembre 1999;Ouvrage de référence
